AUSGDP,AUSCON,AUSINV,BELGDP,BELCON,BELINV,CYPGDP,CYPCON,CYPINV,ESTGDP,ESTCON,ESTINV,FINGDP,FINCON,FININV,FRAGDP,FRACON,FRAINV,GERGDP,GERCON,GERINV,GREGDP,GRECON,GREINV,IRLGDP,IRLCON,IRLINV,ITAGDP,ITACON,ITAINV,LATGDP,LATCON,LATINV,LITGDP,LITCON,LITINV,LUXGDP,LUXCON,LUXINV,MALGDP,MALCON,MALINV,NETGDP,NETCON,NETINV,PORGDP,PORCON,PORINV,SLKGDP,SLKCON,SLKINV,SLVGDP,SLVCON,SLVINV,SPAGDP,SPACON,SPAINV
62941.9,34035.9,15878.1,77022.9,41244.9,17102.7,3447.5,2040,705.3,2574.9,1268.4,511,39091,19246,9163,435267,228963.6,95995.4,585431.6,342251.8,127355.5,46582.7,31411.2,10182.1,30469.9,14361.6,7104.4,384816.8,230488.6,78209.2,3010.8,1836.7,556,4500.3,2828.3,759.3,7675.4,2654.7,1298.8,1322.5,814.7,246.4,137404.3,68170.2,30839.9,41602,26448.4,11023.9,10344,6210.9,2539.9,6819.8,3950,1827.3,213243,125847,54025
63401.2,34454.1,16417.7,77533.7,41519,17255.6,3506.4,2123.9,719.2,2642.9,1308,518.7,39070,19084,9396,439390.4,231024.7,97189.5,591494.9,346228.9,127205.1,47002.2,31528.2,10221.2,31317.8,14810.8,7141.9,387503.2,232610.9,78961.7,3037.8,1841.8,607.5,4543.1,2898.7,707.8,7601.5,2625.3,1262.3,1364.4,815,284.5,138938.8,68380.4,31476.4,41358.1,26177.5,10627.7,10448.8,6349.8,2504.1,6958.6,3900,1790.2,215860,126472,54644
63771.5,34436.2,16262,77844.3,41870.1,17454.2,3506.9,2090.1,709.7,2672.7,1334.6,538.9,39730,19098,9527,442224.9,232405.8,99053.7,590656.4,346482,128345.9,47858,31813.5,9934.3,32235.6,14874.9,7263.9,389627.4,233681.4,80101.4,3101.5,1859.9,625.9,4591.1,2894,743.9,7717.9,2636.8,1368.4,1337,816.4,269.9,140085.3,68938.9,31248.4,41934.3,26383.8,10874.9,10516.9,6404.4,2798.4,7033.2,3976.8,1838.8,218203,128017,55566
64441.7,34774.5,16526.1,78541.7,42251.5,17568,3523.4,2089.6,705.9,2745.2,1337.9,585.3,40198,19238,9690,445791.8,233025.3,99739,591107.9,344638.1,127418.2,48534.3,31651.5,10281.3,32597.4,15045.1,7144.2,395806.7,235437.4,79725.6,3090.8,1880.5,670.1,4669.8,2931.6,730,7780,2688,1340.5,1368.5,828.4,284.7,141906,69380.9,31773,42250.9,26535.3,10856.9,10584.8,6520.3,2785.7,7079,3966.7,1849.7,220611,127809,56280
64361.5,35094.4,16545.7,78482,42325.7,17873.8,3559.1,2248.6,709.9,2774.1,1363.4,579.2,40606,19487,9845,448226.4,235349.6,100238.2,600702.5,350540.7,127822.6,49170.8,31893.8,10517.7,32863.5,15272.6,7475.7,397164.9,235791.9,80884.4,3129.9,1910.9,720.8,4805,3019.4,822.6,7904.5,2701.9,1362.4,1348.2,820.4,251.6,142060,69500.7,31554.1,42150.3,26592,10427.1,10653.9,6629.9,2949.5,7152.6,4001.8,1833.5,222813,129607,56862
64266.4,34680.6,16083,78439.7,42264.3,17669.6,3577.2,2186.7,691.9,2820.6,1383.3,572.6,40390,19658,9625,448797.4,236800.9,100106.5,601347.5,351083,125503.3,49011.4,32428.1,10723.9,33289.4,15450.9,7648.8,396177.8,234792.7,81917.5,3329.4,1938.3,708.9,4793.8,2974.6,739.3,7746.1,2746.6,1436.6,1356.2,839,253.9,142778.4,69982.8,31857.2,42510.9,26606.3,11066.8,10770.9,6606.9,3133.2,7169.2,4060.9,1836.8,224584,131322,57676
64388.9,34610.6,15943.3,78282.6,42059.9,17863.6,3697.8,2168.5,742.7,2831.2,1403.6,626.3,40663,19763,9564,450491.9,238055.2,100628.6,599541.5,351553.1,123459.9,49801.2,33422.9,10702.2,33368.3,15435.6,7357.5,394551.8,233581.1,81507.4,3247.3,1948.3,754.4,4897.1,3008.9,798.7,7862.7,2765.9,1532.4,1375.3,848.5,241.6,143026.5,70255.5,31516.2,42567.9,26495.9,11115.3,10815.8,6722.7,2970.9,7214.6,4030.2,1910.6,226819,133131,58233
64520.1,34943.1,15781,78243.1,41885.7,17104.5,3702.8,2202.3,696.2,2895.2,1458.2,642.6,40511,19959,9406,450623.3,238584.4,100130.4,600251,349672.9,122156,49952,33267.8,10838.3,33871.8,15866.5,7503.8,394695.4,234020.2,81684.4,3345.9,1978.2,771.7,5020.1,3071,954,8038.2,2793.8,1259.8,1346.3,844.5,246.9,143487.8,70767.4,32076.6,43164.3,26852.5,11191.3,11043.3,6807.9,2949,7276.2,4071.6,1868.5,228427,133018,58510
65027.8,34853,15981.1,78957.9,42055.3,17100.8,3721.4,2215.1,787.9,2896.6,1481.6,657.5,40761,19870,9224,451868.6,239947.3,99170.1,598444.9,347259.4,119830.6,50343.4,33998.8,10523.8,34695.9,15859,7682.1,394422.9,234655.6,83999.8,3371.1,2001.6,728.3,5036.3,3177.9,913,8141.6,2860.7,1479.3,1405.5,839.2,236.8,142612.2,70716.3,31253.4,43273.6,27041.7,11107.8,11081.3,6875,2989.3,7396.7,4107.8,1845.9,229727,134558,59362
65263.2,34978.2,15791.1,79655.3,42206.6,16854.6,3776.9,2267.7,815.9,2998.8,1514.6,736.2,41365,20232,9432,454280.1,241201.7,98679.5,599928.5,346463.9,117248.2,51472.1,34299.1,10509.2,34929.2,15969.9,7775.6,396215.9,233473.5,82942.3,3487.6,2043.8,746,5185.9,3170.9,896.9,8283.2,2887.4,1308.5,1394.3,831.2,155.9,143108.9,70806.4,30780.5,43076.4,27038.1,10819.5,11194.4,7052.8,3013.6,7406.5,4115.8,1832.9,231454,135101,60192
65463.2,34955.8,15448.1,80078.8,42399.1,16598.2,3750.1,2290.8,768.4,3036.8,1563,773.9,41233,20373,9365,455881.9,242794.1,99496.6,602702,348271.8,116822,51776.6,34398,10455.8,35722.5,16233,8151.4,397202.7,234336.6,85268.6,3507.1,2078.2,741,5272.6,3222.9,894.3,8175.4,2875.2,1418.1,1400.5,826.5,188.4,143331.1,70970.5,30495.5,42812,27001.8,10312.3,11444.5,7149.4,3014,7473.2,4149.7,1872.1,232854,136237,60851
65610.7,35367,15280.1,80333.4,42543.9,16917.1,3829.6,2304.1,792.5,3083.5,1577.9,821.7,41536,20468,9283,456070.3,244189.7,99979.6,601412,350585.9,116170.1,52162.7,35214,11180.7,35986.7,16253.8,8072.1,398619.6,236106,87560.3,3629.9,2127.6,748.9,5336.2,3248.9,978.2,8161.2,2874.3,1469.7,1384.4,824.5,244.1,143545.6,71315.4,29340.5,42541.4,26863.8,10080.6,11521.3,7227.3,2985.1,7600.3,4189.2,1941.6,234603,136989,61559
65747.7,35475,16379.3,80003.5,42430.3,16835,3824.9,2356.6,769.7,3152.8,1606.4,926.1,41191,20686,9440,456611.3,244664.1,100294.6,594203.9,348732.8,116245.3,53241,35435.7,11949.1,35449.5,16479.5,7946.4,397516.1,235865.6,84950.2,3690.7,2165.3,778.1,5594.3,3456.8,964.5,8085.7,2900,1415.1,1421.1,857.4,272.1,143570.5,71087.5,29673.7,42569.3,26814.5,9847.9,11726.1,7241.6,2919.3,7600.2,4195.2,1925.9,236918,136681,63453
65847.1,35589.3,16067.3,80087.1,42356,16873.3,3831.4,2363.2,766.6,3199,1667.1,837.1,41913,20980,9443,455639.4,244304.9,100345.1,594332.9,348624.3,115806.5,54194.7,35871.9,11831.2,35738,16417.9,7868.9,396173.7,236207.9,84616.8,3768.5,2199.6,790.4,5669,3487.8,1050,8302,2914.5,1499.7,1424.4,853.2,290.8,143074.7,70937.8,29732.3,42228.9,26734.5,9887.2,11892.6,7266.8,2950.4,7616.3,4273.5,1982.3,238527,138124,64250
66132.4,35823.3,16191.1,80400.4,42455.9,16864,3886.3,2357.4,870.5,3282,1709.4,883.5,42487,21348,9736,458798.5,246560.1,101881,597235.6,348552,115894.3,54540.3,36277.7,12494.5,36269,16542.7,8501.3,396784,236950.2,84477.3,3851.1,2260.9,833.9,5823.1,3570.6,1069.8,8335.9,2976.2,1429.8,1433.5,848,262.2,143201.6,70698.7,29886,42545.7,26971.4,9807.7,11938.2,7281.3,2883.2,7698.8,4327.9,1997,240164,139555,65097
66339.1,35686.8,16264,81005,42837.3,16626.2,3931,2396.3,818.6,3280,1713.8,899,42592,21365,9729,462403.1,246695.5,102285.7,599428.6,348515.9,115681.2,55698.1,36506.8,12811.6,38089.3,16733.5,9902.4,399809.9,237131.2,85119.4,3887.7,2298.7,882.7,5921.9,3759.9,1110,8581.6,2969.3,1377.8,1446.1,906.2,277,143968.3,70831.3,30428.5,42755.4,27129.3,9681.6,12136.1,7345.6,2863.9,7765.5,4334.2,2018.3,242630,141461,66035
67108.3,36159.5,16263.8,82253.7,43071.1,17705,3989.9,2478.4,813,3437.4,1772.2,877.1,42931,21744,9884,466398.9,248163,103365.2,599283.5,350359.9,115580.9,56725.4,37032.5,12921.1,38036,16827.4,8790.8,401660.7,238107.7,86271.1,3975.3,2389.7,934.8,5988.8,3806.2,1162.2,8515.5,2962.7,1621.2,1432.5,868.5,261.1,145271.6,71636.7,30278.2,43143.7,27450.9,9864.8,12289.1,7478.3,2898.8,7825.8,4337.3,2085.9,244104,142317,66532
67471.2,36358.8,16238.8,83064.1,43128.8,18247.8,4033.2,2492.2,854.9,3331,1780.4,963.2,43384,21750,10019,469440.2,249404,104079.2,601412,349456,114440.1,56731.1,37159.7,12841.9,38696.9,17016.4,9474.7,402999.4,238479.3,86343,4071,2427.5,1023.2,6092.2,3908,1221.7,8550.8,2948.4,1637.7,1412.6,873.6,281.4,145964.2,71304.6,29826.1,43406.6,27574.4,9768.2,12380.4,7563.5,2906,7918.5,4390.8,2057.3,245998,144016,67468
67911.8,36402.2,16409.1,83793.6,43160.9,18800.7,4089.5,2570.9,849.3,3484.7,1801.6,958.4,43771,21784,10008,471073.9,249673.8,104501.1,600251,348949.7,115054.3,57496.7,37087.9,12945.3,38830,17195.3,9374.8,403484.1,238950.2,85829.5,4104,2470.5,1063.4,6122.5,4012.9,1257,8664.4,2964.8,1424.7,1426.3,883.9,275.6,146182.3,71271.8,29603.7,43354.2,27627.6,9734.6,12666.2,7702.2,3173.1,8023,4462,2125.9,248476,145269,68623
68062,36676.8,16535.6,84068.3,43366.3,18412.8,4138.8,2613.4,895.2,3487.9,1865.8,930.2,44700,22152,10225,474543.2,252957.6,105663.7,600831.5,351263.8,114201.9,57290.7,37983.9,11811.4,39643.9,17309.8,9757.4,404011.1,240345.3,86563.9,4218.1,2530.3,1119.2,6288.3,4058.6,1219.1,8787.9,2989.1,1376.5,1480.7,902,289.6,146501,71305,30074.1,43276.4,27752.2,9913.4,12865.5,7849.1,3186.2,8052.1,4462.7,2085.4,250005,146626,69491
68252.4,36806.2,16041.7,84386.2,43401.1,19127.1,4196.8,2609.2,878.5,3604.8,1881.4,965.5,44616,22169,10125,475715.1,254358.9,106328,599735,351634.4,113004.6,56914.3,38026.4,11593.2,40081.3,17599,9934.9,403041.6,239317.2,86873.3,4330,2576.8,1198.7,6412.4,4161.5,1280,8740.9,2928,1473.6,1456.4,895.1,285.3,146974,71424.7,30327,43605.6,27964.9,9871.6,13031.7,7917.9,3329.4,8154.6,4485.3,2069.6,252534,147999,70989
69160,37139.8,16647.6,84811.6,43515.7,19880.5,4218.8,2626.4,862.4,3699.6,1942.7,1062.9,44786,22566,10318,476598.1,255275.2,107095.5,603734,351525.9,114935.2,57070.9,38284.9,11217.9,40944.3,18257.1,11008.5,407013.1,241410.8,87631.4,4423,2637.7,1238.5,6503.3,4387.1,1289.9,8848.5,2931.6,1399.6,1498.9,906.8,345.2,148007.9,71687.5,30953.1,43786.6,28231.2,9888.2,13306.7,8055,3581.1,8277.5,4538.4,2162.9,255108,149863,72893
69528.8,37496.8,16404.1,85143.3,43821.9,19451.6,4286.1,2646.7,913.4,3813.2,1996.7,1152.3,45028,22677,10410,478965.1,256603.5,108060.5,608507.2,352176.8,116565,57855.7,38960.5,10567.5,40971,18711.1,11614.9,409703,243409.3,88555.8,4629.7,2741.1,1285,6690.6,4455.5,1408.5,9014.3,2986.3,1492.6,1502.1,913.2,309.9,149995.6,72380.3,31491.3,43513.3,27850.3,9773.3,13528.1,8172.9,3613.6,8346.9,4465.1,2158.3,257527,150810,73908
70179.3,37673.8,16486.3,85831.5,44143.7,19142,4338.3,2669.6,979.4,3879.3,2075.6,1106.4,45216,22842,10587,482413.2,258377.5,108633.2,610893.7,352538.4,119323,58129.8,38804.6,11130.9,42025,18858.6,11766.9,410701.1,243827.4,88896.9,4779.2,2849.5,1346.3,6844.4,4641.1,1451.7,9016.8,3010.4,1632.3,1514.4,914.9,345.7,150941.4,72589.8,30875.1,43603.3,28109.6,9784.7,13723.8,8236,3647.3,8485,4560.1,2245,260220,152688,74687
70861.2,37693.7,16195.8,86356.2,44248.2,19665.1,4377.3,2717.5,1054.8,4012.7,2123.5,1249.5,46467,23231,10557,486322,260564.4,109305.2,616634.4,355177.7,118667.9,60057.7,39090.6,12973.2,42472.5,19049.9,11741.8,412287.6,244572.5,89949.6,4813.9,2938.9,1379.5,6867,4500.8,1478.1,9259.1,3041.7,1528.2,1501.2,913.6,374.8,151883.1,71371,31558.8,43952.9,28328.9,9854.3,14048.9,8395.8,3769.3,8558.7,4563.2,2235.7,263038,154011,76409
71360,38042,16441.5,86642.8,44301.4,19585.9,4451.7,2742.7,1112.8,4067.8,2198.8,1227,46398,23407,10326,491264.6,262040.6,111533,626503.1,356407.1,125688.2,60212.4,39648.9,12783.9,42648.3,19549.1,11517.9,414754.9,244443,90042.9,5012.7,3100.4,1418.8,7031.6,4720.4,1563.7,9252.3,3050.2,1552.6,1515.6,935,311.8,154156.9,72038.4,32710.3,44362.8,28355.7,9997.1,14371,8483.6,3792.1,8735.7,4559.5,2304.2,265785,155521,78193
72158.1,38309.4,16802,87377,44348.2,19920.6,4468.7,2732,1107.3,4209.8,2280.9,1401.7,46788,23559,10576,491226,261802.5,112154.4,632759.7,356515.6,126578.3,60495.1,39621.8,13272.3,43550.6,19682,11871.7,416199.2,245720.7,90227.5,5155.6,3204,1505.7,7153.9,5004,1644.2,9357.3,3025.8,1473.2,1521.7,945.3,319.8,155079,72176.7,33523.4,44288.5,28495.8,9533.7,14644.4,8616.9,3883.9,8885,4536.7,2418.2,268409,156403,79033
73036.5,38454.7,16932.9,88325.2,44558.1,19949.5,4545.4,2772.8,1117.2,4275.2,2311.6,1392,47277,23733,10524,494887.6,264008.6,114006.1,641015.9,362553.9,130564.8,62034.7,40008.8,14006.1,43634,20051.3,12297.7,421459.1,247005.3,93562.2,5376.1,3639,1567.9,7366.6,5024.8,1807.4,9595.2,3068.2,1639.6,1544,940.4,313.3,156357.6,72150.8,34620.2,44614.7,28664.8,9599.9,15055.9,8823.7,4012.3,9080.3,4611.9,2562,270958,158262,80355
73609.7,38449.5,17473.1,89445.2,44848.7,20600.4,4608.3,2924.7,1131.9,4424.5,2408.7,1508.7,48396,24256,11179,498807.1,265568.4,115940,643660.5,355024.1,130242,61576.2,40503.9,13394.7,45723.3,20656.8,12214.8,422119.1,248002.1,93217.6,5474.1,3608.9,1709,7588.7,5202.4,1879.9,9956.3,3083.5,1752,1585.6,937.5,347.4,158149,72656,35380.9,45112.7,28865.5,10008.6,15373.9,8964.2,4023.9,9236.1,4751.1,2553.5,273730,159228,80848
74438.4,38600.9,17254.1,89801.7,45063.2,20899.7,4656.8,2973.6,1169.2,4440.1,2419.1,1503.5,48884,24102,11672,502572,268080.9,117431.9,648369.1,358061.3,129376.9,63346,40972,16553.5,45252,20796.7,12081.8,421755.5,248884.8,91962.7,5581.9,3584.8,1784.8,7805.1,5365,2007.1,10187.4,3107,1855.7,1563.7,934.5,341.2,158958.1,72905.8,35019.3,45288.5,29125,9824.6,15760.1,9160.8,4149.1,9362.7,4812.9,2659.5,275950,160674,82290
74639.8,38426.7,17414,90500,45288.8,21303.5,4698.5,2976.9,1204,4428.1,2424.3,1431.8,49229,24447,11514,504347.7,270383.2,118873.2,653851.7,358712.1,130079,62940.5,41192.1,17237.1,44234,20924.5,11802.1,421711,248301,92012.8,5717.4,3575.7,1816.8,8013.9,5387.7,2009,10217.3,3115.6,1794.4,1584.2,947.9,336.8,160734.5,73460.2,35687.3,45366.7,29129.6,10033.7,16136.9,9317.7,4320.6,9553.3,4928.3,2735.9,278188,161362,81923
75228.9,38652.8,17393.4,90964.9,45522.5,21659.7,4789.4,3158.8,1217.5,4466.9,2447.6,1402.5,50114,24413,11806,505400.8,271316.7,119404.9,655722.3,359182.1,133451.3,62654.1,42076.8,14244.6,46160.5,21124.3,10882,421200.3,248232.8,91489.6,5687.7,3521.1,1800.4,8158.3,5684.6,2047.2,10226.7,3160.6,1564.6,1589.8,943.5,368.5,162909.3,74100.5,45866.2,45867.4,29598.3,10327.5,17125.9,9455.1,4335.4,9594.6,4916.6,2723.8,280582,163305,82652
76144.4,38987.2,17912.1,91473.9,45976.3,21814.5,4845,3249.5,1413,4293.7,2378.2,1414.7,49864,25178,11890,507682.7,270191.1,121040.9,661462.9,359326.8,134184.6,63023.8,42576.5,14946.5,44533.1,21109.8,12116.1,425552,247804,92267,5643.5,3485,1746.7,8117.8,5712.7,2028.7,10199,3121,1864.2,1613.1,948.5,361.5,163442.9,73651.9,36002.2,45881.2,29689.8,10345.6,16699.9,9625.1,4190.9,9732.9,4936.4,2947.4,281862,163757,81590
75762.8,38716.8,18006.9,91623.7,46124.9,21839.7,4866.9,3253.2,1274.1,4396.7,2367.3,1319.7,49813,24970,11640,505429.7,270353.4,119908.9,659592.3,359037.5,131589.6,62617.6,42685,14384.6,43699.1,20888.4,10081.5,421528.7,246546.6,91300.1,5530.5,3413.2,1683.1,8187.7,5690.9,2012,10115.5,3190.6,1841.1,1640.7,945.7,328.1,164248,74127.5,36971.5,45646.5,29569,10330.2,16898.6,9714.8,4464.8,9841,5005.6,3001,282019,161394,81086
75201.5,38699,17466.9,91167,46054.3,21378.1,4873.1,3328.6,1237.6,4287,2297,1240.6,49642,24657,11725,503799.9,270183.4,118743.4,657270.3,359616,131940.7,62559.9,42556.5,13419.4,43395.4,20826.8,10183.3,415752.6,244668.8,88679.8,5320.1,3303.6,1546.7,8098.8,5577.5,1886.1,10027.6,3169.4,2108.9,1656.9,927.7,286.4,164047.3,74054.4,37111.7,45540.7,29600.8,9895.9,17123.1,9831.6,4269.7,9808,4973.7,2925.8,279888,158133,77832
73941.8,38806.4,17238.3,89265.1,45620.6,21029.4,4852,3191.1,1195.8,3892.9,2192.1,1126.7,48721,24474,11043,496689.4,269427.5,115082.8,644499,359362.9,130097.9,61670.9,42498.7,14337.3,41753.2,20660.2,8918.4,406228.2,243661.2,84791.7,5171.9,2985.2,1466.4,8002.5,5452.4,1722.3,9715.9,3153.3,1982.7,1622.6,934.7,290.4,162964.7,73950.3,37551.7,44928.7,29463.6,9771,17300.7,9954.1,4171.3,9435.3,4960,2561.5,277069,157071,74336
72829.3,38649.3,16548.2,88225,45524.4,20381.3,4770.7,3094.4,1303.2,3707.3,2090.1,940.7,45365,24116,10613,488484.2,269221,110386.6,615586.3,361893.9,118539.4,58735.4,40209.6,12503.3,41432.8,20128.2,9104.2,395107.6,241267,81728.9,4997.1,2888.2,1325.4,6953.5,4815,1342.5,9568.7,3182.3,1783.2,1574,940.7,264.4,157108.3,72786.9,34071.1,43894.9,28853.1,9279.9,15724.3,9667.7,3889.6,9011.4,4975.4,2342.4,272638,155906,69312
72131.1,39422.6,16267.2,88134,45848.9,20178.9,4754.1,3045.8,1123.6,3652.9,1980.6,785.9,45158,23950,10191,488028.2,270827.8,107788.4,616037.8,362219.3,118464.2,60382.6,42239.7,12379.4,41511.8,19888.8,8722.4,392011.6,241076.8,80237.2,4689.9,2792.3,1245.3,6879.9,4729.9,1168.9,9412.8,3181,1649.9,1584.3,951.3,272.7,157112.3,72435.8,33417.8,43954,28653.7,9288,15955.5,9743.2,3203.9,8904.7,4984.3,2259.6,269998,153262,64734
72458.9,39310.2,16434.4,89119,46425.6,19767.7,4750.6,3003.5,1021.3,3535.3,1908,762.7,45647,24113,9741,488844.5,270931.6,106695.5,619843.3,358097.5,119103.5,59965.8,42812.8,12156.3,40932,19759.7,8361.9,394154.5,241773.7,78630.4,4454.5,2711.5,940.3,6920.4,4616.8,1063.4,9572.7,3215.4,1648.6,1597,969.2,302,157741.9,72502.5,33550.9,44365.5,28815.2,9572.1,16191.7,9773,3450,8918.9,5046.8,2226.7,269158,153912,64184
73137.1,39209.9,16253.8,89870.6,46895.9,19999.9,4769.9,3028.9,974.3,3576.7,1884.3,744.4,45494,24412,9944,492211.4,273393.2,107348.4,625454.7,358929.1,118714.9,60034,42326.2,12152.4,40740.9,19653.4,8327.2,395593.5,243396.9,80839.7,4466.5,2662.4,961.5,6813.5,4417.6,1073.5,9751.6,3203.9,1743.7,1616.3,959.1,277.2,158692,72491.4,33904.1,44362.8,29236.4,9148.6,16462.3,9744.2,3359.3,8904.9,5049.1,2090.7,268989,154126,63493
72533.4,39356.4,15734.3,90278.6,47273.6,19669.8,4809.5,3085.9,1232.6,3561,1903.1,734.8,45669,24484,9883,494112.7,274347.9,108303.9,629937.4,358784.5,118805.8,59032.8,41389.9,11412.1,41559.5,19915.4,7187.3,397219.5,243375.8,79417.3,4444.2,2830,745.9,6880.5,4447.2,1043.3,9890.9,3208.1,1748.4,1633.4,943.3,309.7,158404.5,72374.9,31266.6,44785.6,29544.6,9259.4,16669.4,9769.2,4011.8,8925.3,5080.1,1939,269801,154549,63128
73728.3,39168.4,15857.1,91198.3,47403.8,19709,4794,3129.9,1063.1,3661.7,1904.9,796.3,46948,24710,10212,496714.5,274818.5,109556.2,642902.6,360990,125951.5,57256.2,39988.3,10411.9,41930.1,20022.1,7846.8,399458,243604.5,79910.7,4425.4,2816.4,818.2,6995.6,4417,1115.1,10084.8,3233.3,1892.7,1632.7,945.7,325.4,159085.9,72416.1,31937.6,45035.8,29627.8,9455,16825,9782.7,3549.1,9018.6,5075,1952.2,270292,155352,62852
74572,39759.8,15953.3,91613.6,47373.5,20061.4,4836.6,3178.7,988.1,3690.3,1933.4,746.2,46732,24980,10363,499662.1,276427.3,110837.2,648256.3,361423.9,127706.5,55248.2,38271.1,8968.5,42230.2,20024.1,6792.1,401611.8,245492.8,79684,4420.2,2837.8,885.1,6990.8,4533.8,1249.9,10063.4,3254,1726.2,1658.5,957.8,387,159769.1,72605.4,31617.4,45117.2,29412.7,8874.6,16987.3,9779.9,3583.1,9060.3,5076.4,1896.7,270423,154435,61852
74954.5,39812.3,16242.3,92009.6,47642.1,20221.8,4859.3,3148.8,1012.1,3798.2,1937.4,828.7,47751,25379,10475,503149.7,278613.3,111579.8,653545.6,363629.5,126340.1,54608.5,37230.4,8902.8,41990.9,19817.8,7458.9,404498.5,246768.4,80472.2,4491.9,2858.7,939.8,7164.5,4554.4,1295.5,10125.8,3240.6,1706.3,1673,972.1,389.5,161574.9,73098.4,30974.7,44991.2,29743.8,9348.7,17095.6,9763.9,3765.9,9126.7,5079,1943,270419,154419,61156
75961.6,39656.5,16778.3,92595.8,47483.5,20409.2,4879.2,3148.8,1126.8,3870.2,1952.9,972.7,48013,25297,10526,508433.4,280529.4,111632.3,665026.6,365581.9,132692.8,52994.7,36047.1,8717,43312.8,19935.7,6962,405298.1,246203.5,79599.8,4548.8,2888.7,982.6,7300.9,4610.9,1380.7,10332.3,3243.1,1873.5,1669.2,993.3,285.8,162532,72871.5,33666.3,44653.2,29070.9,8599.5,17190.3,9729.8,4268.1,9130.3,5075.4,1856,269444,152514,59672
76219.9,40006.3,16993.7,92866.8,47478.9,20803.7,4887.2,3134.3,929.9,3925.2,1997,974,47858,25802,10567,508697.1,276946.9,112063.7,666252.1,363340.2,133595.4,52195.1,35834.5,8187.3,43494.1,19749.6,8230.5,405734.4,246362.6,78728.6,4702.8,2901.1,1030,7417.1,4671.8,1403,10237.8,3264.5,1924.6,1654.5,981.7,326.3,162378.7,72850.6,32846.7,44449.9,28682,8270.9,17321.2,9711.2,4109.4,9163.8,5065,1864.6,268153,151776,58449
76219.8,40217.2,17081,93073.6,47621,20761.7,4785.1,3065.8,853.9,4004.5,1978.4,1075.9,48005,25715,10730,509864.2,277009.3,112233.6,669541.7,367570.5,134798.9,51107.2,35208.2,8038.7,43549.4,19333.8,6922,403383.1,245151.7,77944.6,4800.1,2936.1,1096.6,7455.4,4729,1443.9,10309,3288.8,2031.8,1667.6,977.4,280.6,162365.7,72582.8,32641.4,44118.7,28398.1,7953.6,17415.6,9711.3,4174.8,9127.1,5112.7,1828.3,267063,151051,57393
76421.6,40627.6,17172.8,93130.5,47761.3,21048.9,4826.1,3135.8,875.5,4021.5,2035.5,1137,48034,25656,10787,511295,276107.5,113868.7,669606.2,367823.6,134397.7,49048.1,34317.5,6535.4,43522.7,19504.5,7537.9,399847.6,241100,77845.6,4813.8,2953.7,1113.3,7547.2,4789.7,1451.7,10307.5,3332.7,2188.4,1693.6,975.7,288,161397.9,72344.8,32456.4,43420.9,27912.9,7490.3,17555.2,9720.2,4244.2,9050.6,5053,1810.7,265479,148850,56200
76991.8,40871.9,17124.2,93295,47757.6,20876.4,4824.9,3161.5,1006.6,4081.4,2046.2,1041.6,48119,26498,10665,511710.4,276803.8,113475.4,671476.8,369857.4,134585.8,48579.2,33712.9,6232,43476.9,19095.8,8150.5,396283.8,237602.7,72824,4846,2965.8,1186.2,7599,4823,1442.5,10160,3366.2,2112.3,1686,979.8,290.9,161048.4,72580.2,31663.7,43232.6,27473.2,7380.3,17599.5,9726.3,3803.8,9027.8,5066.6,1735.7,263175,148200,54746
76499.4,40389.7,17157.6,93126.9,47773.2,20930.5,4739.4,3102.1,741.3,4118.7,2050.5,1238.2,47120,25226,10473,510832.2,276194.9,112589.6,672250.8,370725.2,133545.3,47647.8,32672.3,6107.2,43755.3,19318.5,10388.5,392596.7,236004,71678.4,4876.5,2996.1,1204.5,7613.2,4784.8,1374.9,10288.8,3371.1,2148.5,1706.2,979.1,312.7,161151.6,72101.3,31505.3,42639.9,27038.9,6672.6,17646,9680,3889.8,8905.9,4954.1,1670.9,260671,146983,53439
76532.2,40326.5,17158.4,93109.4,47892.4,20869,4676.6,3072.3,686.9,4148.4,2116.9,1231.9,47009,25459,10413,511804.1,276240,112851.2,674185.8,371809.9,134134.5,47041.5,32278.4,5393.6,43385.8,19513.8,8117.9,390735.9,233990.1,70756.6,4937.4,3022.5,1199,7804.3,4802.7,1401.4,10248.9,3378.4,2170.2,1727.8,971.2,293,160463.9,71783.6,30642.3,42173.2,26788.2,6543.2,17687.9,9669.7,3839,8860.7,4915.2,1675.2,258745,145460,52136
76534.5,40019.9,17212.9,93007.4,48034.5,20510,4578.7,2998.2,578.8,4157.1,2106.4,1184.1,46925,25632,10231,511423.5,276796.1,112485.6,670960.7,372280,132830.7,47057.7,31529,6363.7,43596.4,19494.2,7564.7,388598.4,232513.5,69395.6,4972.7,3091.4,1210,7842.5,4896.6,1382,10339.4,3395.5,2110.5,1752.5,978,301.9,159327.2,70827.7,29465.4,41481.5,26497.3,6346.8,17700.4,9639.9,3753.3,8752.2,4882.9,1635.4,256217,142298,51443
76209.3,40184.8,17065.1,92694.1,48052.8,20357,4501,2931.6,786.7,4199.2,2134.1,1096,46698,25553,10053,511169.4,277160.1,111449,669058.1,371620.1,128273.7,46013.5,31483.2,5662,42884.2,19204.9,7981.2,384637.3,229963.4,67225.1,5018.1,3121.6,1164.6,7860.7,4997.8,1431.4,10414.3,3405.8,2070.2,1753.9,986.4,300,159849.1,70918.3,28615.8,41607.7,26393.1,6302.1,17775.7,9576.5,3704,8739.1,4744.3,1729.8,255338,141027,51179
76528.8,40377.7,17314.4,93210.5,48194,20488.5,4423.5,2921.4,604.7,4179.9,2155.6,1131.7,46988,25593,10001,514705.4,277819.9,111941.5,675250.1,373681.1,132335.5,46042,31629.2,5424.5,44059.4,19345.2,7662.2,384622.7,228747.3,66999.5,5014.1,3173.5,1156.4,7934.4,4978.4,1474.1,10701.7,3421.8,2266.1,1802.1,997.1,297.8,159559.8,70887.8,29581.6,41902,26555.4,6340.4,17862.4,9605,3740.9,8741.4,4752.5,1705.4,255124,140766,50632
76810.1,40325.1,17711.1,93568.8,48350.8,20541.7,4416.5,2881.7,618.6,4221.1,2152.3,1254.4,47182,25613,9802,514842.5,277791.1,112013.1,679055.6,376067.4,132912.2,46240.8,31696,5563.9,45018.6,19453.9,8667.9,386132.6,229044.3,66558.5,5069.5,3191.6,1156.2,8033.6,5098.4,1570.8,10833.6,3470.6,2323,1815,1000.5,283.1,160525.3,71214.9,30614.4,41851.5,26648,6408.1,17965.5,9605.3,3772,8793.3,4722.1,1706.3,254950,141066,51326
76993.8,40320.1,17683.1,93815,48289.4,20559.4,4387.2,2894.3,504.1,4234.7,2164.3,1279.4,46870,25589,9862,517296.5,279948.3,112721.4,681571.1,374729.6,135444.6,45946.6,31827.3,5434.2,44583.1,19503.2,8434.1,385405.1,229334.5,64980.3,5098.4,3175.2,1150.2,8108.7,5130.1,1562.8,10593.2,3482.6,2009.3,1818.7,1000.7,332.8,161542.9,71517.6,32565.4,42249.9,26910.1,6530.3,18083.2,9622.9,3936.4,8906.9,4787.3,1779.5,255677,141938,51330
77089.6,40581.8,17534.2,94040.2,48464.5,20907.2,4387.9,2904.5,463.4,4273.7,2184.3,1189.8,46555,25759,9675,517652,278494.2,112198.3,688424.5,375714.8,138412.5,46300.5,31838.6,5142.8,46396.2,19553.1,9243.6,385815.4,229013,65424.4,5119.2,3190.3,1162.3,8210,5211,1590,10968.9,3546.6,2530.7,1895.5,1004.3,331.3,161381.6,71025.9,29589.2,42041.7,27007.5,6319.6,18202.5,9692.2,3791,8936.5,4847.1,1801.5,256688,141985,53137
77109.1,40281.4,17332.1,94188.1,48422.3,21248.5,4373.6,2939.3,398.2,4306.2,2195.8,1157.2,46530,25746,9689,518463.5,279916.6,112115.2,688037.5,375967.9,136757.7,46226.7,31758.8,5296.8,48214.1,19722.2,9066,385418.1,229393.8,64719,5138.8,3206.8,1152.3,8264.6,5220.6,1586.1,10834.9,3561.2,2155.4,1941.4,1017.8,310.5,162326.6,71288.6,29333.7,42214.5,27084.5,6504.4,18331.1,9712.4,3866.9,9025,4839.8,1756,257680,143045,53480
77221.5,40441.7,17338.9,94657.6,48548.8,22832.8,4371.2,2949.7,676.7,4330.1,2226.8,1098.1,46771,25844,9760,520804.4,281405.3,112127.7,690424,379041.3,136118.3,46823.9,31861.6,5046.3,48537.7,19868.6,10361.8,386329,229931.8,64553.8,5153.5,3209,1158.9,8288.6,5243.1,1590.7,11153.5,3586.6,2285.7,1956.2,1018.8,309.4,162737.2,71265,29413.4,42290,27388.9,6619.5,18480.9,9738.4,3916,9080.1,4812.7,1767.5,259433,143764,53554
77483.9,40360.6,17329.5,95084.8,48699.2,21711.9,4363,2955.4,496.9,4393.7,2279.7,1223.9,46696,25778,9570,521382.1,282296.6,111743.9,697003.2,381174.6,138099.1,46297.9,32180.7,5590.1,48848.6,20061.5,10002.1,386186.7,230962.4,65318.4,5187.5,3245.9,1167.8,8305.5,5325.5,1610.1,11416.4,3644.7,2497.6,2019.3,1037.4,347.9,164203.6,72059.1,30333.1,42562.1,27474.4,6732.2,18643.8,9792.1,4035.5,9109.2,4864.9,1661.8,261379,144653,53882
77452.3,40440.5,17581.5,95518.5,48595.6,23820.3,4404.4,2980,418,4360.6,2285.7,1055.7,46375,26049,9645,523757.8,283533.7,112751,696116.2,380921.4,137346.9,46467.6,32195.1,5678.5,59894.5,20266.6,11649.1,387019.1,231851.9,65628.9,5235,3262,1168.7,8349.5,5389.6,1697.2,11590.8,3686.8,2329.2,2094.4,1039.7,382.3,165170.1,72525,23880.1,42851,27632.2,6946.4,18883.3,9843,4354.1,9151.5,4890.8,1738.2,264443,145885,55652
77983.5,40486.3,17620.2,96082.7,48947.6,21307.2,4449.8,2982.1,579.9,4420.6,2317.7,1042.2,46861,26074,9673,523576.2,284213.7,111930.1,700179.9,382006.1,137409.6,46506,32393.5,4854.7,59374,20415,13077.2,388517.1,233880.7,65985,5286.3,3282.2,1190,8419.5,5388.1,1730,11494.6,3716,2078.9,2144.7,1062.9,562.1,165691.8,72943.8,62314.8,43021.3,27938.1,6989.5,19080.4,9904.7,4678.5,9213.2,4957.7,1716.8,266906,146921,56974
78357.3,40509.5,17947.2,96259.1,49059.5,21879.8,4473.9,3024.3,523.4,4427.7,2336,1059.4,46961,26279,9725,525757.6,285201,113217.7,702437.5,385188,138450.1,45611.4,30793.1,4742.8,60253,20639.3,13994.1,389539.7,235153.8,66562.6,5339.6,3319.1,1133.8,8477.3,5515.2,1672.6,11424.9,3705.2,2138.5,2179.7,1093.3,558.4,166255.7,72850.9,33008.3,43083.4,27938.5,6871.1,19297.3,10000,4916.3,9234.4,4991.3,1708.8,269498,148753,57538
78512.9,40758.6,17927.5,96682.7,49300.6,22076.5,4510.9,3047.1,794.1,4451.5,2342.2,1154.9,47289,26318,9933,526830,285233.7,114398.4,706243.2,387538.3,141922.6,46173.7,31913.9,5930.8,60504.6,20717.8,19065.2,391016,235986.3,66704,5319.1,3294.1,1102.5,8488.9,5544.9,1599,11607.5,3696.5,2013.5,2237.6,1090.1,519.8,166285.1,73012.3,33928.3,43233.9,27941.8,6896.7,19472.5,10054.3,5075.6,9284.4,4957.1,1703.9,272063,149354,58165
79209.8,40765.9,18386.7,96843.4,49549.9,22473.8,4593.1,3078.5,312.6,4511.5,2392.9,1147.5,47619,26561,10275,530237.5,288149.6,115507.6,712693.1,389228.5,144069.4,46166.5,31785.6,5185.9,61620.2,21289.6,18079.5,391944.6,236190.4,67519.1,5326.2,3321.7,1047.9,8514.3,5556.7,1673.5,11584.2,3695.6,2197.1,2251.1,1090.5,447.2,167791.8,73158.6,34518.2,43414.7,28361,6888.2,19592,10130.4,4473.6,9369.5,5054.5,1582,273898,150521,58101
79351.2,41053.4,18559.3,97546.3,49730.5,22653.7,4641.1,3124.5,1297.9,4518.1,2407.9,1111.8,48120,26827,10528,528704.3,288709.6,115400.7,715853.8,389264.7,142502.4,45923.9,31688.1,5531.1,61858.9,21235.5,22857.7,392868.2,236552.3,67411.8,5352.1,3331.2,999.3,8569,5684.6,1707.9,11902.4,3741.1,2298.1,2253,1091.1,554.9,168159.1,73113.1,35783.1,43584.6,28379.6,6947.7,19718.3,10211.9,4394,9456,5133.6,1646.9,275758,151409,58632
79705.8,41269.5,18444.3,97727.3,49912.1,24453.4,4688.3,3152.1,611.5,4601.5,2416.8,1088.5,48419,26868,10623,529837.5,288682.7,115890.4,717079.3,391361.8,143455.2,46059,31784,5330.5,61036.6,21222.9,22414.8,394294.9,237604.6,68921.3,5369,3325.1,1032.8,8669.2,5787.4,1652.6,11929.6,3743.2,2406.9,2290.1,1096.3,471.3,170078.9,73737.8,35749.9,44082.6,28521.4,7109.2,19839.6,10260.2,4156.9,9582.4,5174.1,1679.6,277861,152669,58751
80530.3,41554.9,18795,98014,50119.3,22881.3,4775,3216.7,1061.8,4647,2441.7,1114.2,48525,26816,10895,533068.2,291343.1,116987.1,719852.9,394254.3,143806.2,46128.2,32152.6,6139.7,67328.5,21407.8,25033.4,396158.5,238458.7,70774.6,5459.8,3368.3,1064.7,8779.8,5845.2,1707.8,11812.4,3877.7,2518.4,2351.8,1116.7,543.8,171540.9,74574.9,35885.8,44423.6,28874.9,7405.7,19981.7,10370.1,4218.1,9647.5,5198.4,1707.4,279431,153162,59410
80981.3,41448.8,19061.1,98674.6,50201.8,23336.3,4812.3,3226.4,1019.1,4715.4,2440.8,1325.5,49368,27100,10878,537611.8,292089.4,119758,727834.9,395664.4,146686.4,46158.9,32134.2,5585.9,63954.1,21526.7,14184.4,398362.2,240280.4,69535.7,5554.3,3409.7,1103.9,8876.5,5863.7,1724,11879.4,3827.7,2559.8,2402.4,1133.6,479.6,172418.7,74436.2,35919.7,44752.7,29065,7590.1,20135.2,10456.9,4375.4,9814.1,5157.6,1791.2,281707,153950,60853
81491.6,41647.9,19253.2,99073.4,50491.5,23573.2,4858.6,3248,751.5,4770.4,2463,1304.9,49430,26888,11094,541277.2,292908.7,121058.1,731834,398665.5,148629.5,46731.5,32084.5,5049.8,65964.8,21349.5,21015,399900.7,240619.6,70460,5625.2,3434,1191.2,8944.1,5919.2,1777.3,11895.1,3867.9,2597,2421.4,1121.4,400.5,173956.6,75080.4,36279.1,44924.8,28943.3,7735.9,20306.9,10570.8,4233.3,9948.4,5210.2,1811.1,284169,155237,60754
82093.7,42074.2,19265.9,99234.2,50404.4,23539.6,4907.8,3293.9,705.7,4786.2,2500.3,1261.7,49596,27108,11383,544737.8,294657.7,122468.9,736091.2,400256.3,149218.7,46933,32189.5,6725,69051.7,21846.6,12592.4,401493.5,241261.4,72742.8,5677.1,3495.8,1216.1,9034.5,5914.4,1790.9,12008.2,3902,2282.1,2466.8,1136.3,439.9,175133.6,75743.4,37949.6,45184.4,29277.5,7772.5,20482.2,10651.3,4800.5,10036.9,5269.9,1810.8,285986,156621,62153
82774.7,42047.2,19489.5,99915,50421.8,23658,4954.2,3316.5,1759.6,4873.1,2512.6,1143.6,50153,27249,11151,548755.9,295299.2,123531.2,740025.7,401558,149707.6,47117.9,32136.8,6913.4,71005.5,22001.9,13952.8,403103,241232.7,74186.3,5716.9,3534.4,1247.2,9104.3,5997.9,1874.5,12179.6,3910.4,2355.2,2473.9,1150.8,545.3,176511.6,75668.1,37820.1,45548.9,29502.6,7856.4,20730.3,10721.8,4421.4,10255.8,5328,1915.8,288064,157274,62509
83521.4,42293.4,19566.4,100184.2,50849,23958.3,5006.9,3338.1,476.7,4877.7,2553.4,1202.8,50352,27491,11491,550482.3,296099.3,123457.7,742783.2,402389.6,151280.9,47342.3,32306.1,5084.8,70675.6,21971.2,14144.1,403982.6,242376.6,72904.8,5829.1,3573.1,1336.8,9185.3,6051.7,1863.3,12240.6,4016,2432.3,2525,1187.2,394.2,177631.9,76664.4,38040.4,45764.7,29719.8,7930.3,20936.2,10837.2,4720.3,10325.6,5344.5,1964.1,289861,158629,63255
83904.9,42556.4,19956,100504.9,50961.8,23945.2,5048.4,3390.6,950.9,4962.7,2590.4,1292.9,50449,27702,11423,551344.1,295325.2,124720.6,746137.2,403582.8,152145.9,47458.1,32497.9,6015.2,72150,22263.4,14432.2,403984.8,242057.1,74837.9,5886.3,3611.8,1353.9,9272.2,6179.1,1908.1,12263.6,4012.7,2432.4,2580,1216.2,440.6,178782.1,76975.7,38342.8,46035,29765.7,8094.6,21163.8,10873,4932.6,10410.8,5324.2,1998.3,291583,158741,65295
84188.5,42439.8,19980.2,100771.4,50884.8,24057.1,5094,3405.3,983.9,4972,2605.2,1312.8,50507,27551,11352,552784.6,296444.1,125770.5,744653.7,403004.2,152860.5,47902.9,32538.6,5190.1,72786.6,22474.1,18074.6,403468.8,242008.2,73941.4,5966.4,3643.3,1409.3,9311.6,6170.1,1927,12314.6,4047.6,2211.8,2654.2,1228,456,179205.8,76971.3,37409.6,46151.8,29970.2,8159.7,21370.3,10952,4575.2,10541.5,5354.2,2061.1,293145,159670,65417
84467.4,42579,20177,101143.5,50888.4,24883.3,5141.1,3438,1525.5,5078.8,2635.7,1348.1,50530,27737,11598,555109,297298.9,126471.1,744782.7,404052.8,154126.7,47835.8,32484.7,5078.3,72846.1,22579.5,19892.7,403103.8,242548.6,74374.1,6021.6,3668.8,1460.2,9444.8,6219.7,1945.5,12392.7,4079.8,2441.8,2662.5,1237.4,544.9,180172.4,77240.4,38842.7,46328.5,30354.7,8178,21539.6,11011.2,4822.2,10619.4,5430.7,2077.2,294768,160338,65268
